date,geography,geography code,Rural Urban,Household Composition: All categories: Household composition; measures: Value,Household Composition: One person household; measures: Value,Household Composition: One person household: Aged 65 and over; measures: Value,Household Composition: One person household: Other; measures: Value,Household Composition: One family household; measures: Value,Household Composition: One family only: All aged 65 and over; measures: Value,Household Composition: One family only: Married or same-sex civil partnership couple; measures: Value,Household Composition: One family only: Married or same-sex civil partnership couple: No children; measures: Value,Household Composition: One family only: Married or same-sex civil partnership couple: Dependent children; measures: Value,Household Composition: One family only: Married or same-sex civil partnership couple: All children non-dependent; measures: Value,Household Composition: One family only: Cohabiting couple; measures: Value,Household Composition: One family only: Cohabiting couple: No children; measures: Value,Household Composition: One family only: Cohabiting couple: Dependent children; measures: Value,Household Composition: One family only: Cohabiting couple: All children non-dependent; measures: Value,Household Composition: One family only: Lone parent; measures: Value,Household Composition: One family only: Lone parent: Dependent children; measures: Value,Household Composition: One family only: Lone parent: All children non-dependent; measures: Value,Household Composition: Other household types; measures: Value,Household Composition: Other household types: With dependent children; measures: Value,Household Composition: Other household types: All full-time students; measures: Value,Household Composition: Other household types: All aged 65 and over; measures: Value,Household Composition: Other household types: Other; measures: Value,RowID
2011,Darlington,E06000005,Total,46670,15101,6124,8977,29370,3877,15096,6156,6464,2476,4796,2457,2132,207,5601,4044,1557,2199,805,11,101,1282,0
2011,County Durham,E06000047,Total,223803,70007,30493,39514,142738,19385,76252,31766,29999,14487,22038,10555,10240,1243,25063,17145,7918,11058,3714,1517,592,5235,1
2011,Hartlepool,E06000001,Total,40434,13392,5544,7848,25251,3069,12577,4902,5248,2427,4210,1831,2140,239,5395,3918,1477,1791,785,14,113,879,2
2011,Middlesbrough,E06000002,Total,57203,17708,7290,10418,34875,3928,16797,5936,7382,3479,5617,2456,2746,415,8533,5960,2573,4620,1744,684,198,1994,3
2011,Northumberland,E06000057,Total,138534,41406,19407,21999,91809,14239,50890,22367,20013,8510,13293,6769,5878,646,13387,8610,4777,5319,2077,22,384,2836,4
2011,Redcar and Cleveland,E06000003,Total,59605,18735,8791,9944,38456,5655,19550,8014,7604,3932,5927,2537,3026,364,7324,5141,2183,2414,1036,11,126,1241,5
2011,Stockton-on-Tees,E06000004,Total,79159,21986,9416,12570,52784,6374,27965,10439,12368,5158,8690,4251,3920,519,9755,6810,2945,4389,1962,204,171,2052,6
2011,Gateshead,E08000037,Total,89154,29313,12138,17175,54914,7170,27407,10633,11286,5488,9741,5119,4078,544,10596,6981,3615,4927,1722,88,234,2883,7
2011,Newcastle upon Tyne,E08000021,Total,117153,40337,14705,25632,62547,6910,31273,11106,14591,5576,11336,6172,4553,611,13028,8943,4085,14269,2717,4706,294,6552,8
2011,North Tyneside,E08000022,Total,91295,30960,12641,18319,56303,7245,29379,11653,12503,5223,9240,4968,3759,513,10439,7233,3206,4032,1477,27,207,2321,9
2011,South Tyneside,E08000023,Total,67167,23459,9973,13486,40664,5132,20086,7541,8124,4421,5879,2740,2700,439,9567,6428,3139,3044,1232,86,191,1535,10
2011,Sunderland,E08000024,Total,119758,38096,16075,22021,75350,9498,38788,14570,15356,8862,11810,5183,5784,843,15254,9907,5347,6312,2575,677,288,2772,11
2011,Blackburn with Darwen,E06000008,Total,57353,17419,6229,11190,35600,3507,19638,6273,10062,3303,5316,2300,2672,344,7139,5043,2096,4334,2279,29,141,1885,12
2011,Blackpool,E06000009,Total,64367,24446,9650,14796,35492,4917,15720,6424,6347,2949,6586,3045,3136,405,8269,5733,2536,4429,1687,54,266,2422,13
2011,Cheshire East,E06000049,Total,159441,47328,21409,25919,105035,16201,59384,23073,26545,9766,15175,8293,6128,754,14275,9367,4908,7078,2426,173,357,4122,14
2011,Cheshire West and Chester,E06000050,Total,141442,41841,18652,23189,91940,13452,51015,19789,21976,9250,13590,7262,5641,687,13883,9071,4812,7661,2387,618,364,4292,15
2011,Halton,E06000006,Total,53312,15833,6192,9641,34755,3543,17825,6689,7264,3872,5671,2463,2843,365,7716,5377,2339,2724,1175,8,125,1416,16
2011,Warrington,E06000007,Total,85140,24534,9862,14672,56642,7077,31538,11456,14785,5297,8904,4641,3783,480,9123,6220,2903,3964,1489,57,152,2266,17
2011,Allerdale,E07000026,Total,42345,13169,6186,6983,27389,4334,15370,6580,6075,2715,3738,1813,1716,209,3947,2527,1420,1787,650,5,154,978,18
2011,Barrow-in-Furness,E07000027,Total,31224,10791,4531,6260,19178,2662,10045,4066,4092,1887,3040,1407,1484,149,3431,2379,1052,1255,466,8,69,712,19
2011,Carlisle,E07000028,Total,48342,16423,6736,9687,29477,4114,15905,6594,6533,2778,4690,2476,1983,231,4768,3078,1690,2442,751,246,136,1309,20
2011,Copeland,E07000029,Total,30536,9308,4023,5285,19770,2838,11183,4649,4438,2096,2883,1400,1316,167,2866,1803,1063,1458,558,5,153,742,21
2011,Eden,E07000030,Total,23043,6958,3322,3636,14969,2633,8716,3860,3444,1412,1969,1102,800,67,1651,998,653,1116,335,39,91,651,22
2011,South Lakeland,E07000031,Total,46552,15091,7600,7491,29315,5802,16435,7749,6326,2360,3989,2323,1503,163,3089,1893,1196,2146,608,20,187,1331,23
2011,Bolton,E08000001,Total,116371,37091,14473,22618,72189,8488,38132,13519,17812,6801,11638,5346,5648,644,13931,9496,4435,7091,3269,225,256,3341,24
2011,Bury,E08000002,Total,78113,24263,9658,14605,49797,5997,26732,9576,12409,4747,7962,3875,3661,426,9106,6102,3004,4053,1644,24,180,2205,25
2011,Manchester,E08000003,Total,204969,72255,18891,53364,100320,6292,42986,13340,22769,6877,22341,13633,7747,961,28701,20272,8429,32394,7518,6532,484,17860,26
2011,Oldham,E08000004,Total,89703,26790,11466,15324,56511,6110,29481,9959,14197,5325,9158,3881,4613,664,11762,8148,3614,6402,3388,39,145,2830,27
2011,Rochdale,E08000005,Total,87552,28183,10773,17410,53685,5671,27319,9656,12808,4855,9284,4106,4597,581,11411,7931,3480,5684,2896,25,161,2602,28
2011,Salford,E08000006,Total,103556,37751,12569,25182,57807,5879,26302,9554,11828,4920,11668,6417,4690,561,13958,9935,4023,7998,2277,636,253,4832,29
2011,Stockport,E08000007,Total,121979,38535,16878,21657,77407,10746,41415,14452,19220,7743,11496,5998,4910,588,13750,9050,4700,6037,2544,12,299,3182,30
2011,Tameside,E08000008,Total,94953,31037,12138,18899,58778,6455,29232,10888,12472,5872,10906,4871,5360,675,12185,8354,3831,5138,2377,10,195,2556,31
2011,Trafford,E08000009,Total,94484,28179,12081,16098,60249,7419,33337,10693,16977,5667,9064,4926,3680,458,10429,6791,3638,6056,2298,38,247,3473,32
2011,Wigan,E08000010,Total,136386,40053,15927,24126,90171,11056,47069,17502,19897,9670,15558,6976,7700,882,16488,10983,5505,6162,2681,22,272,3187,33
2011,Burnley,E07000117,Total,37550,12506,4749,7757,22842,2760,11508,4424,4878,2206,3916,1743,1883,290,4658,3237,1421,2202,976,8,79,1139,34
2011,Chorley,E07000118,Total,44919,12724,5320,7404,30214,3856,17026,6789,7355,2882,4837,2482,2124,231,4495,2981,1514,1981,757,7,118,1099,35
2011,Fylde,E07000119,Total,34885,12328,5893,6435,21118,4068,11382,4938,4635,1809,2549,1463,958,128,3119,2064,1055,1439,509,3,128,799,36
2011,Hyndburn,E07000120,Total,34341,11061,4243,6818,21333,2660,10724,4065,4792,1867,3642,1630,1797,215,4307,3072,1235,1947,923,12,85,927,37
2011,Lancaster,E07000121,Total,57822,18838,8225,10613,34844,5388,18035,7634,7603,2798,5787,3121,2370,296,5634,3986,1648,4140,1072,860,196,2012,38
2011,Pendle,E07000122,Total,37348,12088,4762,7326,22822,2918,12135,4742,5378,2015,3871,1847,1785,239,3898,2707,1191,2438,1247,3,73,1115,39
2011,Preston,E07000123,Total,57567,19835,6590,13245,32724,3593,17228,5874,8272,3082,5461,2786,2408,267,6442,4461,1981,5008,1658,885,125,2340,40
2011,Ribble Valley,E07000124,Total,24045,6948,3396,3552,16179,2655,9450,3624,4231,1595,2054,1091,881,82,2020,1323,697,918,364,3,44,507,41
2011,Rossendale,E07000125,Total,29058,8988,3375,5613,18554,2084,9768,3963,4165,1640,3491,1644,1634,213,3211,2221,990,1516,700,5,60,751,42
2011,South Ribble,E07000126,Total,46102,12453,5722,6731,31422,4391,17427,6659,7440,3328,4781,2423,2119,239,4823,3149,1674,2227,860,7,110,1250,43
2011,West Lancashire,E07000127,Total,45381,12226,5843,6383,30432,4566,16849,6307,7157,3385,3787,1778,1773,236,5230,3413,1817,2723,947,350,164,1262,44
2011,Wyre,E07000128,Total,47281,14172,7762,6410,30678,6259,16029,6836,6303,2890,4088,1950,1841,297,4302,2691,1611,2431,895,16,227,1293,45
2011,Knowsley,E08000011,Total,61323,19041,7932,11109,38290,4009,17679,5485,7523,4671,5595,2277,2872,446,11007,7327,3680,3992,1888,1,231,1872,46
2011,Liverpool,E08000012,Total,206515,80973,24610,56363,106432,10151,46704,14869,20378,11457,17397,9257,7128,1012,32180,21164,11016,19110,4980,3531,757,9842,47
2011,Sefton,E08000014,Total,117930,37820,18414,19406,73411,11419,37453,12970,15739,8744,9747,4525,4573,649,14792,9216,5576,6699,2692,12,520,3475,48
2011,St. Helens,E08000013,Total,75736,22694,9947,12747,49493,6582,25593,9533,10443,5617,7547,3398,3677,472,9771,6456,3315,3549,1444,17,201,1887,49
2011,Wirral,E08000015,Total,140583,47329,20621,26708,85688,11955,42805,15175,18501,9129,11934,5795,5406,733,18994,12735,6259,7566,2988,22,519,4037,50
2011,East Riding of Yorkshire,E06000011,Total,143032,39276,19540,19736,97661,17055,54892,24013,21964,8915,14054,7444,5894,716,11660,7702,3958,6095,2290,35,454,3316,51
2011,"Kingston upon Hull, City of",E06000010,Total,112596,39788,13075,26713,64810,6602,29616,11605,12287,5724,14069,6377,6868,824,14523,10292,4231,7998,2568,1366,266,3798,52
2011,North East Lincolnshire,E06000012,Total,69707,21793,9190,12603,43909,6092,21522,9063,8557,3902,7887,3540,3836,511,8408,6071,2337,4005,1418,31,206,2350,53
2011,North Lincolnshire,E06000013,Total,70684,19420,8946,10474,46795,6766,25278,10823,10190,4265,8047,3782,3796,469,6704,4599,2105,4469,1810,4,193,2462,54
2011,York,E06000014,Total,83552,25224,10803,14421,50873,7373,27039,11238,11855,3946,9173,5724,3104,345,7288,4897,2391,7455,1444,1833,205,3973,55
2011,Craven,E07000163,Total,24583,7651,3931,3720,16003,2870,9014,4012,3663,1339,2139,1239,787,113,1980,1269,711,929,328,3,72,526,56
2011,Hambleton,E07000164,Total,38117,10679,5581,5098,25777,4639,15158,6344,6472,2342,3211,1780,1283,148,2769,1758,1011,1661,600,1,122,938,57
2011,Harrogate,E07000165,Total,67169,19340,9261,10079,44277,6936,25677,10293,11924,3460,6033,3600,2153,280,5631,3737,1894,3552,1082,8,206,2256,58
2011,Richmondshire,E07000166,Total,20207,5239,2505,2734,14024,2074,8562,3736,3703,1123,1681,944,654,83,1707,1169,538,944,359,0,65,520,59
2011,Ryedale,E07000167,Total,22524,6546,3557,2989,14939,2731,8553,3946,3258,1349,2034,1142,798,94,1621,1014,607,1039,327,0,120,592,60
2011,Scarborough,E07000168,Total,49435,16966,8163,8803,29868,5542,15190,7183,5507,2500,4589,2365,1987,237,4547,3037,1510,2601,885,167,159,1390,61
2011,Selby,E07000169,Total,34559,8533,3913,4620,24355,3223,14640,6011,6284,2345,3794,2116,1495,183,2698,1727,971,1671,662,0,67,942,62
2011,Barnsley,E08000016,Total,100734,29734,13118,16616,66621,8674,34128,13945,13805,6378,12383,5988,5758,637,11436,7920,3516,4379,1838,28,222,2291,63
2011,Doncaster,E08000017,Total,126487,36104,16179,19925,82278,10980,42632,17141,17450,8041,14771,6606,7234,931,13895,9477,4418,8105,3332,24,364,4385,64
2011,Rotherham,E08000018,Total,108293,30902,14286,16616,72032,9894,38373,15186,15982,7205,12125,5626,5769,730,11640,7908,3732,5359,2609,9,232,2509,65
2011,Sheffield,E08000019,Total,229928,73315,28964,44351,135651,17995,68851,25780,31644,11427,24828,13569,10080,1179,23977,16760,7217,20962,5327,5666,499,9470,66
2011,Bradford,E08000032,Total,199296,58934,22705,36229,121708,13001,67531,22360,34732,10439,19085,9067,8819,1199,22091,15305,6786,18654,9863,621,450,7720,67
2011,Calderdale,E08000033,Total,88621,29023,11210,17813,54740,6551,28879,11525,12935,4419,9968,5074,4411,483,9342,6606,2736,4858,2040,28,173,2617,68
2011,Kirklees,E08000034,Total,173525,52553,20412,32141,109622,13326,60085,22357,28063,9665,18115,9319,7795,1001,18096,12593,5503,11350,5075,702,323,5250,69
2011,Leeds,E08000035,Total,320596,106739,38326,68413,186547,22346,95361,36275,43842,15244,33952,19713,12804,1435,34888,24499,10389,27310,7242,4923,688,14457,70
2011,Wakefield,E08000036,Total,140414,41640,18205,23435,92074,11883,48633,19856,19831,8946,16171,7967,7339,865,15387,10605,4782,6700,2759,12,274,3655,71
2011,Derby,E06000015,Total,102271,31578,12432,19146,62268,7763,31988,11264,15470,5254,10651,5489,4646,516,11866,8337,3529,8425,3092,859,221,4253,72
2011,Leicester,E06000016,Total,123125,36951,12057,24894,68723,5758,37257,10555,19458,7244,10477,5286,4606,585,15231,10408,4823,17451,6657,2914,260,7620,73
2011,Nottingham,E06000018,Total,126131,45617,13606,32011,63857,6068,28144,10215,13203,4726,13181,7062,5385,734,16464,11998,4466,16657,3916,4845,265,7631,74
2011,Rutland,E06000017,Total,15002,4111,2142,1969,10337,1962,5992,2580,2608,804,1277,765,455,57,1106,714,392,554,194,1,52,307,75
2011,Amber Valley,E07000032,Total,52596,14658,6718,7940,35481,5047,19486,8122,8074,3290,6133,3351,2472,310,4815,3039,1776,2457,870,0,136,1451,76
2011,Bolsover,E07000033,Total,32801,9521,4411,5110,21751,2963,11513,4811,4690,2012,3931,1907,1811,213,3344,2216,1128,1529,564,5,83,877,77
2011,Chesterfield,E07000034,Total,46796,15412,6318,9094,29411,4208,15064,6333,6247,2484,5248,2740,2264,244,4891,3295,1596,1973,646,4,108,1215,78
2011,Derbyshire Dales,E07000035,Total,30744,8899,4656,4243,20556,3635,11902,5238,4836,1828,2735,1530,1056,149,2284,1385,899,1289,385,4,103,797,79
2011,Erewash,E07000036,Total,48692,14164,6084,8080,32386,4456,16874,6869,7074,2931,5898,3029,2508,361,5158,3433,1725,2142,751,8,120,1263,80
2011,High Peak,E07000037,Total,38946,11362,4962,6400,25751,3356,14185,5722,6061,2402,4372,2223,1942,207,3838,2501,1337,1833,539,75,97,1122,81
2011,North East Derbyshire,E07000038,Total,43070,12158,6049,6109,29243,4925,16254,6776,6376,3102,4324,2147,1931,246,3740,2290,1450,1669,615,4,138,912,82
2011,South Derbyshire,E07000039,Total,38992,10059,4072,5987,27204,3346,15654,6193,7050,2411,4715,2531,1950,234,3489,2398,1091,1729,635,9,72,1013,83
2011,Blaby,E07000129,Total,38686,10095,4741,5354,26655,4042,15086,5637,6823,2626,3995,2047,1742,206,3532,2324,1208,1936,828,8,99,1001,84
2011,Charnwood,E07000130,Total,66516,18658,7980,10678,42933,6231,24063,9000,10842,4221,6700,3663,2715,322,5939,3812,2127,4925,1346,1252,140,2187,85
2011,Harborough,E07000131,Total,34898,8995,4368,4627,24412,3766,14686,5603,6921,2162,3411,1880,1362,169,2549,1642,907,1491,567,18,75,831,86
2011,Hinckley and Bosworth,E07000132,Total,45377,12771,5608,7163,30651,4582,17272,7274,7102,2896,4907,2700,1977,230,3890,2616,1274,1955,719,11,101,1124,87
2011,Melton,E07000133,Total,21490,5902,2692,3210,14615,2183,8288,3512,3550,1226,2300,1281,921,98,1844,1222,622,973,341,5,35,592,88
2011,North West Leicestershire,E07000134,Total,39128,10587,4706,5881,26650,3571,15334,6081,6670,2583,4311,2289,1796,226,3434,2288,1146,1891,721,81,107,982,89
2011,Oadby and Wigston,E07000135,Total,21339,5488,3031,2457,14260,2401,8052,2613,3711,1728,1895,874,891,130,1912,1099,813,1591,837,8,60,686,90
2011,Boston,E07000136,Total,27291,7676,3794,3882,17307,2907,9086,4089,3550,1447,2851,1402,1315,134,2463,1714,749,2308,983,2,88,1235,91
2011,East Lindsey,E07000137,Total,60890,18179,9533,8646,39738,8468,20851,10602,7261,2988,5666,3013,2397,256,4753,3156,1597,2973,1069,4,299,1601,92
2011,Lincoln,E07000138,Total,39825,13696,4779,8917,22560,2567,10731,4613,4479,1639,5022,2900,1940,182,4240,2968,1272,3569,811,709,74,1975,93
2011,North Kesteven,E07000139,Total,45972,12052,6100,5952,31939,5567,18481,8109,7905,2467,4364,2457,1728,179,3527,2395,1132,1981,727,4,144,1106,94
2011,South Holland,E07000140,Total,37264,9441,5272,4169,25144,4699,13481,6204,5231,2046,4059,2153,1698,208,2905,1913,992,2679,999,6,137,1537,95
2011,South Kesteven,E07000141,Total,57344,15599,7333,8266,38961,5939,21935,9440,9349,3146,5969,3270,2446,253,5118,3603,1515,2784,987,10,155,1632,96
2011,West Lindsey,E07000142,Total,38385,10487,5094,5393,26297,4404,14927,6752,5954,2221,3726,1974,1570,182,3240,2203,1037,1601,582,3,144,872,97
2011,Corby,E07000150,Total,25215,6696,2581,4115,16475,1707,8134,2961,3698,1475,3230,1528,1504,198,3404,2334,1070,2044,784,3,88,1169,98
2011,Daventry,E07000151,Total,31647,7953,3505,4448,22170,3070,13058,5398,5797,1863,3306,1835,1314,157,2736,1857,879,1524,558,9,65,892,99
2011,East Northamptonshire,E07000152,Total,35662,9134,3951,5183,24821,3342,14167,5890,6311,1966,4232,2290,1752,190,3080,2084,996,1707,623,2,81,1001,100
2011,Kettering,E07000153,Total,39701,11503,4555,6948,26172,3309,14469,5717,6647,2105,4504,2416,1904,184,3890,2719,1171,2026,714,7,88,1217,101
2011,Northampton,E07000154,Total,88731,27048,9111,17937,54125,5820,27675,10527,12923,4225,10198,5589,4196,413,10432,7576,2856,7558,2500,567,156,4335,102
2011,South Northamptonshire,E07000155,Total,34717,8264,3791,4473,24885,3409,15519,6144,7186,2189,3377,1961,1229,187,2580,1685,895,1568,579,5,86,898,103
2011,Wellingborough,E07000156,Total,32057,9502,3756,5746,20666,2625,11110,4542,4852,1716,3315,1689,1477,149,3616,2606,1010,1889,733,2,87,1067,104
2011,Ashfield,E07000170,Total,50931,14278,6082,8196,34266,4473,17802,7294,7315,3193,6173,2971,2874,328,5818,4017,1801,2387,930,2,115,1340,105
2011,Bassetlaw,E07000171,Total,47667,13367,6189,7178,32002,4671,17704,7628,7127,2949,5078,2501,2332,245,4549,3024,1525,2298,923,1,124,1250,106
2011,Broxtowe,E07000172,Total,46820,13083,6060,7023,30779,4588,17118,6775,7308,3035,5058,2820,1971,267,4015,2575,1440,2958,792,318,133,1715,107
2011,Gedling,E07000173,Total,49349,14641,6336,8305,32335,4807,17064,6797,7233,3034,5331,2791,2234,306,5133,3408,1725,2373,893,20,113,1347,108
2011,Mansfield,E07000174,Total,44928,13098,5679,7419,29425,3945,15300,6221,6237,2842,5345,2526,2508,311,4835,3347,1488,2405,965,1,98,1341,109
2011,Newark and Sherwood,E07000175,Total,48773,13842,6475,7367,32657,4985,18073,7718,7537,2818,5041,2555,2232,254,4558,3042,1516,2274,838,45,120,1271,110
2011,Rushcliffe,E07000176,Total,45835,12464,5877,6587,30875,4802,18349,6837,8924,2588,4208,2474,1560,174,3516,2329,1187,2496,696,291,106,1403,111
2011,"Herefordshire, County of",E06000019,Total,78319,22540,11209,11331,50933,8811,27966,11655,11754,4557,7434,3981,3065,388,6722,4274,2448,4846,1620,44,320,2862,112
2011,Shropshire,E06000051,Total,129674,37540,18077,19463,85442,14284,47196,19363,19823,8010,12974,6956,5445,573,10988,6710,4278,6692,2317,49,493,3833,113
2011,Stoke-on-Trent,E06000021,Total,107575,35357,13323,22034,65419,7663,32772,12689,13858,6225,11928,5457,5825,646,13056,9048,4008,6799,2534,806,277,3182,114
2011,Telford and Wrekin,E06000020,Total,66608,16793,7113,9680,45007,5035,24211,9221,10915,4075,7951,3793,3759,399,7810,5394,2416,4808,1928,182,165,2533,115
2011,Cannock Chase,E07000192,Total,40664,10940,4636,6304,27741,3353,15172,5686,6581,2905,5117,2452,2402,263,4099,2669,1430,1983,840,0,88,1055,116
2011,East Staffordshire,E07000193,Total,47251,13823,5862,7961,30774,4160,17180,6596,7832,2752,4858,2579,2035,244,4576,3059,1517,2654,1048,7,104,1495,117
2011,Lichfield,E07000194,Total,41224,10024,5032,4992,29160,4872,16669,6612,7065,2992,4238,2199,1797,242,3381,2016,1365,2040,814,2,123,1101,118
2011,Newcastle-under-Lyme,E07000195,Total,52574,16236,7115,9121,33591,4898,18259,7188,7485,3586,5413,2535,2599,279,5021,3265,1756,2747,901,441,152,1253,119
2011,South Staffordshire,E07000196,Total,44458,11239,5932,5307,31157,5327,18122,6820,7458,3844,4019,2012,1758,249,3689,2278,1411,2062,843,0,114,1105,120
2011,Stafford,E07000197,Total,55703,16236,7123,9113,36643,5887,20788,8494,8958,3336,5313,2911,2168,234,4655,3030,1625,2824,936,324,126,1438,121
2011,Staffordshire Moorlands,E07000198,Total,41772,11747,5637,6110,28358,4739,16150,6743,6303,3104,3950,1964,1763,223,3519,2171,1348,1667,694,1,112,860,122
2011,Tamworth,E07000199,Total,31617,8246,3434,4812,21606,2393,11849,4489,5104,2256,3707,1800,1720,187,3657,2528,1129,1765,757,2,48,958,123
2011,North Warwickshire,E07000218,Total,25812,6776,3120,3656,17709,2487,9904,3936,3961,2007,2911,1429,1303,179,2407,1508,899,1327,552,1,66,708,124
2011,Nuneaton and Bedworth,E07000219,Total,52711,15090,6432,8658,34720,4581,18939,7129,8130,3680,5492,2581,2648,263,5708,3973,1735,2901,1187,8,136,1570,125
2011,Rugby,E07000220,Total,41875,11784,4979,6805,27494,3935,15243,5908,7090,2245,4451,2456,1812,183,3865,2675,1190,2597,903,13,123,1558,126
2011,Stratford-on-Avon,E07000221,Total,51928,14804,7482,7322,34498,6137,19898,8116,8685,3097,4444,2645,1612,187,4019,2533,1486,2626,789,40,176,1621,127
2011,Warwick,E07000222,Total,58679,18600,7196,11404,35403,5003,19657,7337,9243,3077,5690,3708,1791,191,5053,3348,1705,4676,1230,977,138,2331,128
2011,Birmingham,E08000025,Total,410736,131200,47586,83614,232523,22298,116754,32476,63004,21274,33319,16798,14637,1884,60152,41471,18681,47013,20256,4840,1107,20810,129
2011,Coventry,E08000026,Total,128592,40148,15353,24795,75186,8970,37696,12137,18355,7204,11071,5495,4989,587,17449,12396,5053,13258,4124,2823,302,6009,130
2011,Dudley,E08000027,Total,129867,36652,17112,19540,86313,13015,46297,16016,20536,9745,13247,6337,6240,670,13754,8700,5054,6902,3140,17,341,3404,131
2011,Sandwell,E08000028,Total,121498,35935,15576,20359,74636,8402,38079,11682,18395,8002,11738,4839,6142,757,16417,10915,5502,10927,5587,92,384,4864,132
2011,Solihull,E08000029,Total,86056,25102,11924,13178,56489,8801,31655,10409,14852,6394,6714,3301,3020,393,9319,6136,3183,4465,1951,16,232,2266,133
2011,Walsall,E08000030,Total,107822,30771,13845,16926,69261,9594,35738,11787,16371,7580,11030,4663,5682,685,12899,8388,4511,7790,4062,59,291,3378,134
2011,Wolverhampton,E08000031,Total,102177,32876,13166,19710,60631,7503,29792,9433,13820,6539,8998,3924,4492,582,14338,9634,4704,8670,4029,286,308,4047,135
2011,Bromsgrove,E07000234,Total,38290,10041,5153,4888,26576,4502,15380,5635,7070,2675,3432,1870,1363,199,3262,2044,1218,1673,626,1,84,962,136
2011,Malvern Hills,E07000235,Total,32212,9555,5006,4549,21077,4146,11593,5096,4674,1823,2803,1523,1151,129,2535,1591,944,1580,523,2,153,902,137
2011,Redditch,E07000236,Total,34722,9282,3534,5748,23194,2523,12800,4992,5565,2243,3984,2134,1667,183,3887,2716,1171,2246,944,2,53,1247,138
2011,Worcester,E07000237,Total,42042,13135,4876,8259,25876,3030,13702,5213,6407,2082,4844,2809,1836,199,4300,2979,1321,3031,856,353,88,1734,139
2011,Wychavon,E07000238,Total,49466,12886,6764,6122,34072,6043,19429,8074,8237,3118,4642,2581,1822,239,3958,2424,1534,2508,898,5,135,1470,140
2011,Wyre Forest,E07000239,Total,42985,12890,5974,6916,27870,4577,14645,6181,5736,2728,4397,2240,1910,247,4251,2809,1442,2225,804,4,140,1277,141
2011,Bedford,E06000055,Total,63812,18396,7616,10780,40605,5210,22668,7946,11027,3695,5693,3084,2323,286,7034,4854,2180,4811,1918,325,150,2418,142
2011,Central Bedfordshire,E06000056,Total,104399,27030,11724,15306,72049,8854,41964,15515,19464,6985,11205,5920,4675,610,10026,6767,3259,5320,2039,116,220,2945,143
2011,Luton,E06000032,Total,74293,20319,7171,13148,43985,4307,24649,6863,13587,4199,6107,3069,2707,331,8922,6066,2856,9989,4486,907,169,4427,144
2011,Peterborough,E06000031,Total,74023,21252,8093,13159,45713,5192,24357,8934,11855,3568,7866,4061,3441,364,8298,5882,2416,7058,3074,47,123,3814,145
2011,Southend-on-Sea,E06000033,Total,74678,24386,10251,14135,44834,6073,22507,7942,10827,3738,8402,4412,3577,413,7852,5057,2795,5458,1826,64,303,3265,146
2011,Thurrock,E06000034,Total,62353,16368,6379,9989,41175,4000,22694,7283,11175,4236,7527,3367,3703,457,6954,4744,2210,4810,2097,44,137,2532,147
2011,Cambridge,E07000008,Total,46714,15848,5194,10654,24025,2671,13064,4872,6513,1679,5078,3319,1603,156,3212,1977,1235,6841,1149,1097,107,4488,148
2011,East Cambridgeshire,E07000009,Total,34614,8893,4117,4776,23871,3296,14233,5544,6696,1993,4052,2295,1558,199,2290,1464,826,1850,694,2,96,1058,149
2011,Fenland,E07000010,Total,40620,11576,5809,5767,26460,4365,13971,6225,5538,2208,4397,2217,1922,258,3727,2591,1136,2584,1011,1,137,1435,150
2011,Huntingdonshire,E07000011,Total,69333,17691,7389,10302,47639,6396,27889,11047,12744,4098,7742,4306,3102,334,5612,3681,1931,4003,1398,13,168,2424,151
2011,South Cambridgeshire,E07000012,Total,59960,14772,6899,7873,41866,5818,25881,9708,12734,3439,6075,3488,2303,284,4092,2545,1547,3322,1103,34,153,2032,152
2011,Basildon,E07000066,Total,72746,21480,8981,12499,47099,5889,25430,8881,11808,4741,7368,3580,3410,378,8412,5617,2795,4167,1675,6,186,2300,153
2011,Braintree,E07000067,Total,61043,16537,7224,9313,41475,5326,23611,9046,10799,3766,6567,3393,2864,310,5971,4038,1933,3031,1002,11,123,1895,154
2011,Brentwood,E07000068,Total,30646,8853,4179,4674,20161,3110,11634,3687,5765,2182,2759,1555,1036,168,2658,1661,997,1632,546,5,86,995,155
2011,Castle Point,E07000069,Total,36440,9524,5349,4175,25004,4397,13958,5275,5585,3098,3257,1511,1496,250,3392,2045,1347,1912,810,5,122,975,156
2011,Chelmsford,E07000070,Total,69667,19138,7991,11147,46801,6551,27029,9626,12710,4693,7078,4044,2708,326,6143,3897,2246,3728,1095,113,165,2355,157
2011,Colchester,E07000071,Total,71634,20849,8175,12674,45899,6101,25223,9618,11774,3831,7457,4142,2979,336,7118,4898,2220,4886,1213,843,178,2652,158
2011,Epping Forest,E07000072,Total,51991,15285,6989,8296,33641,4660,18904,6367,8827,3710,4887,2504,2072,311,5190,3260,1930,3065,1156,96,161,1652,159
2011,Harlow,E07000073,Total,34620,10599,4281,6318,21818,2505,11035,3799,5250,1986,3741,1709,1831,201,4537,3127,1410,2203,771,33,77,1322,160
2011,Maldon,E07000074,Total,25817,6923,3451,3472,17718,2849,10488,4231,4514,1743,2465,1287,1035,143,1916,1144,772,1176,406,3,78,689,161
2011,Rochford,E07000075,Total,33564,8112,4644,3468,23676,3941,13976,4986,6228,2762,3126,1549,1364,213,2633,1525,1108,1776,685,2,113,976,162
2011,Tendring,E07000076,Total,62105,20545,11540,9005,38483,8399,19043,8581,7068,3394,4983,2380,2284,319,6058,4100,1958,3077,1141,4,333,1599,163
2011,Uttlesford,E07000077,Total,31316,7372,3673,3699,22160,3089,13552,4870,6676,2006,3209,1700,1351,158,2310,1437,873,1784,641,4,82,1057,164
2011,Broxbourne,E07000095,Total,37658,10070,4584,5486,25251,3379,13670,4083,6663,2924,3769,1695,1815,259,4433,2909,1524,2337,982,8,101,1246,165
2011,Dacorum,E07000096,Total,59938,17275,7207,10068,39270,4958,22010,7477,10914,3619,6306,3482,2520,304,5996,3997,1999,3393,1227,28,134,2004,166
2011,East Hertfordshire,E07000242,Total,56577,15722,6379,9343,37886,4794,22608,7594,11653,3361,6022,3436,2311,275,4462,2950,1512,2969,863,11,124,1971,167
2011,Hertsmere,E07000098,Total,39778,11148,5040,6108,25700,3347,14915,4392,7864,2659,3137,1530,1378,229,4301,2727,1574,2930,1088,130,86,1626,168
2011,North Hertfordshire,E07000099,Total,53426,15494,6728,8766,35077,4668,20005,7203,9761,3041,5624,3177,2218,229,4780,3134,1646,2855,1019,8,128,1700,169
2011,St Albans,E07000240,Total,56140,14988,6390,8598,37820,4832,23209,6985,13058,3166,5335,3274,1842,219,4444,2751,1693,3332,1058,26,98,2150,170
2011,Stevenage,E07000243,Total,34898,10455,4083,6372,22334,2441,11842,4023,5725,2094,3714,1752,1771,191,4337,2996,1341,2109,787,26,47,1249,171
2011,Three Rivers,E07000102,Total,35108,9738,4433,5305,23197,3109,13686,4171,7071,2444,3065,1630,1283,152,3337,2105,1232,2173,892,7,88,1186,172
2011,Watford,E07000103,Total,36681,11392,3655,7737,21851,1986,12249,3575,6671,2003,3705,2161,1376,168,3911,2639,1272,3438,1243,53,87,2055,173
2011,Welwyn Hatfield,E07000241,Total,43613,12533,5427,7106,26884,3741,14753,4827,7585,2341,4159,2105,1809,245,4231,2836,1395,4196,951,1170,108,1967,174
2011,Breckland,E07000143,Total,54519,14150,7465,6685,37070,6575,20039,8856,8146,3037,5846,3067,2489,290,4610,3066,1544,3299,1216,3,180,1900,175
2011,Broadland,E07000144,Total,53336,14087,7527,6560,36976,6734,20941,8963,8637,3341,5250,2907,2082,261,4051,2588,1463,2273,713,2,172,1386,176
2011,Great Yarmouth,E07000145,Total,42079,12571,6244,6327,26896,4343,13119,5621,5055,2443,4756,2079,2386,291,4678,3246,1432,2612,930,7,124,1551,177
2011,King's Lynn and West Norfolk,E07000146,Total,62977,17116,9059,8057,41940,8187,22235,10101,8635,3499,6656,3397,2895,364,4862,3087,1775,3921,1359,10,325,2227,178
2011,North Norfolk,E07000147,Total,46046,14320,8226,6094,29492,6995,15038,7618,5118,2302,4222,2250,1732,240,3237,1998,1239,2234,663,0,282,1289,179
2011,Norwich,E07000148,Total,60319,23020,7669,15351,31236,3631,13679,5824,5888,1967,7697,4629,2807,261,6229,4419,1810,6063,910,1459,145,3549,180
2011,South Norfolk,E07000149,Total,52809,13870,7107,6763,36687,6585,20556,8874,8652,3030,5588,3162,2185,241,3958,2573,1385,2252,701,7,201,1343,181
2011,Babergh,E07000200,Total,37522,10570,5306,5264,25424,4407,14462,6191,6080,2191,3529,1909,1472,148,3026,1906,1120,1528,490,1,126,911,182
2011,Forest Heath,E07000201,Total,25376,7238,2909,4329,16403,2177,9110,3836,4095,1179,2839,1681,1024,134,2277,1538,739,1735,527,12,83,1113,183
2011,Ipswich,E07000202,Total,57298,18507,6763,11744,35005,4052,17653,6581,8193,2879,7047,3663,3050,334,6253,4329,1924,3786,1238,39,138,2371,184
2011,Mid Suffolk,E07000203,Total,40306,10219,5219,5000,28436,4678,16709,7211,7076,2422,3983,2177,1638,168,3066,2002,1064,1651,612,2,100,937,185
2011,St Edmundsbury,E07000204,Total,45802,12089,5841,6248,30784,4880,17089,6973,7606,2510,4765,2564,1972,229,4050,2696,1354,2929,878,7,156,1888,186
2011,Suffolk Coastal,E07000205,Total,53558,15645,8261,7384,35666,6900,20020,8592,8528,2900,4714,2574,1902,238,4032,2666,1366,2247,780,5,224,1238,187
2011,Waveney,E07000206,Total,50883,15745,8300,7445,32739,6414,16330,7333,6333,2664,5265,2529,2443,293,4730,3172,1558,2399,924,6,177,1292,188
2011,Camden,E09000007,Total,97534,39531,10113,29418,41503,2593,19661,7066,10277,2318,9534,7295,1937,302,9715,6290,3425,16500,3044,2322,339,10795,189
2011,City of London,E09000001,Total,4385,2472,526,1946,1523,137,814,513,243,58,419,351,63,5,153,91,62,390,34,30,16,310,190
2011,Hackney,E09000012,Total,101690,35635,7421,28214,46272,1469,19055,5273,11271,2511,10551,7399,2858,294,15197,10770,4427,19783,4195,669,232,14687,191
2011,Hammersmith and Fulham,E09000013,Total,80590,30148,7058,23090,34880,1621,16908,6048,8914,1946,7433,5838,1381,214,8918,5791,3127,15562,2379,1166,225,11792,192
2011,Haringey,E09000014,Total,101955,32524,7974,24550,52069,2538,24091,7144,13336,3611,10098,6604,3174,320,15342,10744,4598,17362,4729,551,220,11862,193
2011,Islington,E09000019,Total,93556,36240,7597,28643,41415,1797,16430,6508,7720,2202,10767,8422,2058,287,12421,8609,3812,15901,2553,1290,204,11854,194
2011,Kensington and Chelsea,E09000020,Total,78536,36524,8240,28284,32269,2200,17373,7135,8354,1884,6247,5020,1036,191,6449,3816,2633,9743,2076,826,204,6637,195
2011,Lambeth,E09000022,Total,130017,44691,9208,35483,58657,2270,23413,7941,12402,3070,13913,9944,3582,387,19061,13559,5502,26669,5304,859,227,20279,196
2011,Lewisham,E09000023,Total,116091,39680,9994,29686,59590,3134,26242,7985,14152,4105,11419,6755,4200,464,18795,13301,5494,16821,5257,718,307,10539,197
2011,Newham,E09000025,Total,101519,26536,7001,19535,49217,1975,26466,5633,16468,4365,5789,3028,2414,347,14987,10300,4687,25766,10633,1791,219,13123,198
2011,Southwark,E09000028,Total,120422,40307,9008,31299,56510,2291,23747,8369,12282,3096,13368,8825,4095,448,17104,12016,5088,23605,5652,1747,245,15961,199
2011,Tower Hamlets,E09000030,Total,101257,35047,6038,29009,44341,1295,22674,7303,13219,2152,9613,7606,1782,225,10759,7327,3432,21869,4588,1974,162,15145,200
2011,Wandsworth,E09000032,Total,130493,42106,10385,31721,63016,3045,32215,11518,17166,3531,15418,12391,2730,297,12338,7909,4429,25371,3847,965,299,20260,201
2011,Westminster,E09000033,Total,105772,47893,11035,36858,42784,2712,22111,9268,10401,2442,8452,7033,1196,223,9509,6002,3507,15095,2500,1297,258,11040,202
2011,Barking and Dagenham,E09000002,Total,69681,19215,7347,11868,41787,2884,20207,5003,11515,3689,5426,2022,3036,368,13270,10009,3261,8679,4377,235,181,3886,203
2011,Barnet,E09000003,Total,135916,37957,14407,23550,79382,7784,46801,12208,26305,8288,9043,5552,3027,464,15754,10069,5685,18577,6100,645,443,11389,204
2011,Bexley,E09000004,Total,92604,25789,11992,13797,60019,7605,32291,9550,15837,6904,8434,3776,4091,567,11689,7707,3982,6796,3049,205,316,3226,205
2011,Brent,E09000005,Total,110286,30616,8808,21808,56451,3816,30776,6769,17023,6984,6503,3863,2290,350,15356,9793,5563,23219,8801,595,437,13386,206
2011,Bromley,E09000006,Total,130862,40815,16856,23959,81743,10661,45056,14433,22527,8096,11584,6389,4603,592,14442,9631,4811,8304,2988,56,426,4834,207
2011,Croydon,E09000008,Total,145010,43043,14107,28936,85662,7394,43480,12719,22469,8292,11628,5870,5034,724,23160,16821,6339,16305,6729,319,387,8870,208
2011,Ealing,E09000009,Total,124082,35329,11328,24001,66901,4570,38579,9700,21727,7152,8614,5368,2828,418,15138,9628,5510,21852,7833,575,346,13098,209
2011,Enfield,E09000010,Total,119916,33359,12108,21251,73335,6563,38594,9533,20885,8176,8200,4127,3562,511,19978,14129,5849,13222,5471,310,294,7147,210
2011,Greenwich,E09000011,Total,101045,32370,9418,22952,55070,3866,26877,8209,14138,4530,9683,5193,4005,485,14644,10459,4185,13605,5381,693,236,7295,211
2011,Harrow,E09000015,Total,84268,19008,8985,10023,52399,5817,33338,8150,17797,7391,3950,2191,1472,287,9294,5560,3734,12861,5831,255,281,6494,212
2011,Havering,E09000016,Total,97199,28215,13499,14716,62856,8850,34134,10548,15625,7961,8431,4012,3849,570,11441,7224,4217,6128,2543,53,337,3195,213
2011,Hillingdon,E09000017,Total,100214,25290,10953,14337,62745,6215,35765,9879,18844,7042,7936,4040,3367,529,12829,8542,4287,12179,5130,870,242,5937,214
2011,Hounslow,E09000018,Total,94902,25985,8651,17334,53645,3659,30772,8467,16596,5709,7326,4197,2681,448,11888,7670,4218,15272,5805,491,219,8757,215
2011,Kingston upon Thames,E09000021,Total,63639,18198,6762,11436,37942,3562,22736,6851,12309,3576,6045,3907,1901,237,5599,3550,2049,7499,1924,1267,177,4131,216
2011,Merton,E09000024,Total,78757,22294,7695,14599,45323,3626,26288,8090,14118,4080,7287,4801,2199,287,8122,5093,3029,11140,3478,248,207,7207,217
2011,Redbridge,E09000026,Total,99105,25228,9992,15236,59846,5361,36511,8612,20726,7173,5871,3192,2329,350,12103,8217,3886,14031,6885,435,275,6436,218
2011,Richmond upon Thames,E09000027,Total,79835,26008,9434,16574,47292,4238,28502,9223,15747,3532,8288,5649,2409,230,6264,3882,2382,6535,1610,285,223,4417,219
2011,Sutton,E09000029,Total,78174,23749,9203,14546,48503,4981,27630,8336,14401,4893,7390,3902,3081,407,8502,5559,2943,5922,2322,25,212,3363,220
2011,Waltham Forest,E09000031,Total,96861,28756,8879,19877,51894,3534,26870,6725,15246,4899,8247,4283,3504,460,13243,8918,4325,16211,5995,617,264,9335,221
2011,Bracknell Forest,E06000036,Total,45878,12707,4448,8259,30227,2994,17780,6197,8980,2603,4983,2943,1836,204,4470,3046,1424,2944,1077,24,89,1754,222
2011,Brighton and Hove,E06000043,Total,121540,44294,14468,29826,61608,5854,28337,10577,13862,3898,15428,9918,5051,459,11989,8637,3352,15638,2259,2873,348,10158,223
2011,Isle of Wight,E06000046,Total,61085,19957,10055,9902,37649,6944,18827,8680,7373,2774,5699,2884,2526,289,6179,4164,2015,3479,1189,19,285,1986,224
2011,Medway,E06000035,Total,106209,29434,11868,17566,69146,7436,37399,13175,17447,6777,11888,5547,5695,646,12423,8406,4017,7629,2775,497,249,4108,225
2011,Milton Keynes,E06000042,Total,98584,25546,8602,16944,64729,5429,36529,12966,18274,5289,11349,6017,4839,493,11422,8166,3256,8309,3187,51,146,4925,226
2011,Portsmouth,E06000044,Total,85473,27471,10334,17137,47664,4881,23257,8339,11217,3701,9451,5229,3802,420,10075,7335,2740,10338,2123,2910,279,5026,227
2011,Reading,E06000038,Total,62869,19237,5954,13283,35995,3288,19209,6679,9894,2636,6722,4227,2252,243,6776,4727,2049,7637,2030,951,144,4512,228
2011,Slough,E06000039,Total,50766,14447,4013,10434,29328,1812,17235,4199,10172,2864,3790,1951,1650,189,6491,4503,1988,6991,3548,105,87,3251,229
2011,Southampton,E06000045,Total,98254,33241,11283,21958,53070,5647,26595,10010,12451,4134,10780,6308,3987,485,10048,6918,3130,11943,2629,2955,252,6107,230
2011,West Berkshire,E06000037,Total,62340,16123,6820,9303,42638,5302,25949,9751,12344,3854,6289,3636,2379,274,5098,3340,1758,3579,1187,15,146,2231,231
2011,Windsor and Maidenhead,E06000040,Total,58349,16554,6926,9628,37618,5052,22590,7724,11430,3436,5306,3140,1926,240,4670,2898,1772,4177,1440,16,135,2586,232
2011,Wokingham,E06000041,Total,60332,14084,6164,7920,42808,5670,27437,9223,14167,4047,5339,3228,1902,209,4362,2679,1683,3440,1270,30,109,2031,233
2011,Aylesbury Vale,E07000004,Total,69406,17612,7421,10191,47307,5629,28448,10363,14099,3986,7135,4067,2732,336,6095,3955,2140,4487,1568,85,200,2634,234
2011,Chiltern,E07000005,Total,36946,9179,4976,4203,25774,4295,16049,5204,8446,2399,2736,1413,1163,160,2694,1621,1073,1993,640,5,94,1254,235
2011,South Bucks,E07000006,Total,26514,7136,3708,3428,17460,2821,10558,3435,5272,1851,2054,1099,845,110,2027,1198,829,1918,783,26,66,1043,236
2011,Wycombe,E07000007,Total,67861,18138,7547,10591,44266,6061,26341,8983,13380,3978,6078,3617,2195,266,5786,3776,2010,5457,1952,346,133,3026,237
2011,Eastbourne,E07000061,Total,45012,16298,7731,8567,25292,4487,12027,4940,5300,1787,4290,2340,1743,207,4488,3097,1391,3422,887,268,250,2017,238
2011,Hastings,E07000062,Total,41159,15781,5404,10377,22670,2710,10590,4431,4575,1584,4563,2392,1965,206,4807,3436,1371,2708,902,57,135,1614,239
2011,Lewes,E07000063,Total,42181,12744,6854,5890,26837,4892,13994,5655,6066,2273,4017,2049,1753,215,3934,2533,1401,2600,787,19,202,1592,240
2011,Rother,E07000064,Total,40877,13889,8084,5805,24891,5661,12723,5996,4804,1923,3249,1783,1312,154,3258,2098,1160,2097,803,1,194,1099,241
2011,Wealden,E07000065,Total,62676,17279,9562,7717,42136,7928,23907,9738,10451,3718,5260,2773,2212,275,5041,3179,1862,3261,1093,6,277,1885,242
2011,Basingstoke and Deane,E07000084,Total,69315,18298,6890,11408,46654,5493,27409,10544,13070,3795,7435,4287,2871,277,6317,4274,2043,4363,1509,17,115,2722,243
2011,East Hampshire,E07000085,Total,47258,12182,6087,6095,32489,5113,19626,7599,9180,2847,4011,2310,1500,201,3739,2343,1396,2587,849,8,181,1549,244
2011,Eastleigh,E07000086,Total,52177,13934,6190,7744,35219,4758,20321,7573,9483,3265,5445,3130,2066,249,4695,3171,1524,3024,1001,23,102,1898,245
2011,Fareham,E07000087,Total,46579,11814,6178,5636,32339,5553,18829,7391,8317,3121,4179,2372,1612,195,3778,2369,1409,2426,822,22,142,1440,246
2011,Gosport,E07000088,Total,35430,10566,4572,5994,22713,3016,11840,4861,5188,1791,3713,1909,1628,176,4144,2993,1151,2151,752,9,84,1306,247
2011,Hart,E07000089,Total,35510,7961,3715,4246,25510,3653,16227,5618,8224,2385,3248,1810,1270,168,2382,1456,926,2039,712,0,90,1237,248
2011,Havant,E07000090,Total,51311,14675,7470,7205,33678,5836,17225,7003,7132,3090,4990,2368,2290,332,5627,3771,1856,2958,1094,5,190,1669,249
2011,New Forest,E07000091,Total,76839,22210,12423,9787,50407,10490,27440,11857,11129,4454,6223,3415,2467,341,6254,4066,2188,4222,1287,8,359,2568,250
2011,Rushmoor,E07000092,Total,36344,9291,3410,5881,23733,2183,13986,4608,7292,2086,4036,2245,1610,181,3528,2350,1178,3320,1279,21,82,1938,251
2011,Test Valley,E07000093,Total,47626,11855,5702,6153,32972,4909,19711,7963,8875,2873,4429,2542,1655,232,3923,2586,1337,2799,974,4,120,1701,252
2011,Winchester,E07000094,Total,46865,12837,6297,6540,30849,4960,18640,7213,9036,2391,4164,2564,1424,176,3085,2028,1057,3179,788,498,154,1739,253
2011,Ashford,E07000105,Total,47787,12242,5654,6588,32660,4486,18038,6821,8473,2744,5267,2639,2386,242,4869,3408,1461,2885,1144,7,167,1567,254
2011,Canterbury,E07000106,Total,60771,18085,8855,9230,36397,6067,19131,7899,8337,2895,5502,3005,2263,234,5697,3928,1769,6289,1301,2174,213,2601,255
2011,Dartford,E07000107,Total,40081,11643,4116,7527,25957,2944,13772,4521,6821,2430,4686,2427,2024,235,4555,3126,1429,2481,1013,21,90,1357,256
2011,Dover,E07000108,Total,48310,15276,7067,8209,30251,4722,15907,6810,6461,2636,4882,2359,2228,295,4740,3058,1682,2783,1002,6,172,1603,257
2011,Gravesham,E07000109,Total,40431,11131,4918,6213,26010,3382,14014,4587,6757,2670,4076,1880,1943,253,4538,3004,1534,3290,1475,13,129,1673,258
2011,Maidstone,E07000110,Total,63447,16452,7299,9153,42938,5988,24015,9044,11050,3921,6760,3761,2718,281,6175,4255,1920,4057,1405,97,172,2383,259
2011,Sevenoaks,E07000111,Total,47020,12697,6386,6311,32081,4876,18982,6664,9139,3179,4374,2325,1809,240,3849,2287,1562,2242,838,6,142,1256,260
2011,Folkestone and Hythe,E07000112,Total,47379,15791,7116,8675,28515,4718,14444,6135,6084,2225,4752,2412,2078,262,4601,3048,1553,3073,1115,50,180,1728,261
2011,Swale,E07000113,Total,55585,15128,6797,8331,37249,4931,19543,7772,8474,3297,6540,3057,3128,355,6235,4470,1765,3208,1372,4,145,1687,262
2011,Thanet,E07000114,Total,59513,20646,9649,10997,35089,5650,16623,7125,6896,2602,5882,2804,2802,276,6934,4968,1966,3778,1442,85,279,1972,263
2011,Tonbridge and Malling,E07000115,Total,48140,11553,5635,5918,33931,4777,19430,6836,9539,3055,5164,2573,2298,293,4560,3051,1509,2656,918,2,147,1589,264
2011,Tunbridge Wells,E07000116,Total,47174,13687,5818,7869,30563,4034,17543,5971,8993,2579,5094,2979,1884,231,3892,2465,1427,2924,855,18,113,1938,265
2011,Cherwell,E07000177,Total,56728,14307,5967,8340,38563,4930,22221,8123,10728,3370,6290,3601,2407,282,5122,3338,1784,3858,1343,42,134,2339,266
2011,Oxford,E07000178,Total,55375,18316,6049,12267,28042,2797,14613,5006,7513,2094,5092,3214,1700,178,5540,3923,1617,9017,1714,1872,141,5290,267
2011,South Oxfordshire,E07000179,Total,54104,13734,6570,7164,37232,5695,22322,8052,10907,3363,5156,3019,1871,266,4059,2495,1564,3138,964,13,142,2019,268
2011,Vale of White Horse,E07000180,Total,49407,13065,5947,7118,33498,5126,20010,7408,9543,3059,4618,2730,1699,189,3744,2379,1365,2844,885,28,138,1793,269
2011,West Oxfordshire,E07000181,Total,43241,11412,5319,6093,29499,4421,17376,6752,8090,2534,4393,2596,1591,206,3309,2122,1187,2330,708,15,111,1496,270
2011,Elmbridge,E07000207,Total,52922,14568,6743,7825,35181,4561,21888,6674,12350,2864,4654,2776,1695,183,4078,2481,1597,3173,1132,26,125,1890,271
2011,Epsom and Ewell,E07000208,Total,29784,7730,3746,3984,19818,2721,12049,3673,6321,2055,2484,1366,1004,114,2564,1494,1070,2236,680,178,97,1281,272
2011,Guildford,E07000209,Total,53973,14422,6160,8262,34702,4754,21103,7408,10722,2973,5042,3225,1618,199,3803,2286,1517,4849,1009,851,142,2847,273
2011,Mole Valley,E07000210,Total,35828,10477,5252,5225,23511,3993,14062,5044,6897,2121,2937,1718,1079,140,2519,1501,1018,1840,574,7,118,1141,274
2011,Reigate and Banstead,E07000211,Total,55423,15163,6723,8440,36840,4673,21866,7373,11091,3402,5751,3339,2169,243,4550,2837,1713,3420,1122,15,119,2164,275
2011,Runnymede,E07000212,Total,32714,9836,4345,5491,20056,2737,11725,4148,5706,1871,3000,1738,1091,171,2594,1603,991,2822,651,671,74,1426,276
2011,Spelthorne,E07000213,Total,39512,11262,5031,6231,25268,3536,14259,4638,6873,2748,3809,2000,1583,226,3664,2205,1459,2982,976,20,136,1850,277
2011,Surrey Heath,E07000214,Total,33546,7867,3648,4219,23472,3366,14595,4914,7378,2303,3044,1711,1137,196,2467,1408,1059,2207,865,4,72,1266,278
2011,Tandridge,E07000215,Total,33342,8909,4376,4533,22441,3267,13211,4659,6469,2083,3282,1762,1342,178,2681,1602,1079,1992,722,7,130,1133,279
2011,Waverley,E07000216,Total,49280,13698,7018,6680,32896,5312,20147,7301,10168,2678,4023,2401,1453,169,3414,2009,1405,2686,787,165,132,1602,280
2011,Woking,E07000217,Total,39467,10499,4501,5998,25747,3114,15972,5153,8430,2389,3726,2267,1243,216,2935,1801,1134,3221,1119,27,102,1973,281
2011,Adur,E07000223,Total,26957,8553,4461,4092,16764,2828,8592,3431,3652,1509,2779,1451,1174,154,2565,1615,950,1640,542,6,132,960,282
2011,Arun,E07000224,Total,66706,22020,12230,9790,40683,8829,20681,9053,8401,3227,5713,3156,2262,295,5460,3530,1930,4003,1296,77,367,2263,283
2011,Chichester,E07000225,Total,49848,15948,8612,7336,30789,6259,16912,7261,7242,2409,3895,2239,1457,199,3723,2293,1430,3111,835,297,236,1743,284
2011,Crawley,E07000226,Total,42727,12129,4468,7661,26379,2617,14572,4695,7416,2461,4321,2282,1842,197,4869,3310,1559,4219,1505,14,56,2644,285
2011,Horsham,E07000227,Total,54923,15476,7456,8020,36679,5905,22003,8489,10357,3157,4838,2801,1777,260,3933,2474,1459,2768,921,6,176,1665,286
2011,Mid Sussex,E07000228,Total,57409,15768,7421,8347,38352,5562,23075,8036,11421,3618,5250,3042,1979,229,4465,2652,1813,3289,993,11,183,2102,287
2011,Worthing,E07000229,Total,47044,16890,7460,9430,27139,4261,14113,5448,6622,2043,4519,2576,1759,184,4246,2821,1425,3015,950,49,216,1800,288
2011,Bath and North East Somerset,E06000022,Total,73515,22535,9992,12543,44593,6958,24559,9388,11217,3954,6803,3979,2542,282,6273,4210,2063,6387,1142,1822,230,3193,289
2011,Bournemouth,E06000028,Total,82374,30390,11164,19226,42644,6102,21014,8508,9508,2998,8460,5258,2899,303,7068,4684,2384,9340,1814,1835,343,5348,290
2011,"Bristol, City of",E06000023,Total,182747,61607,20272,41335,99663,10147,47427,17772,22373,7282,21556,13627,7170,759,20533,14919,5614,21477,4002,3623,525,13327,291
2011,Cornwall,E06000052,Total,230389,69269,34137,35132,146511,24939,78172,34586,31221,12365,23158,12304,9800,1054,20242,13086,7156,14609,4651,730,948,8280,292
2011,Isles of Scilly,E06000053,Total,989,336,150,186,581,107,339,174,125,40,101,62,32,7,34,22,12,72,17,1,10,44,293
2011,North Somerset,E06000024,Total,88227,27115,12523,14592,56871,9727,31374,12933,13824,4617,8034,4430,3287,317,7736,5377,2359,4241,1424,104,284,2429,294
2011,Plymouth,E06000026,Total,109307,34317,13403,20914,66184,8625,33911,13750,14505,5656,12097,6568,5013,516,11551,7894,3657,8806,2092,1793,364,4557,295
2011,Poole,E06000029,Total,63530,19134,9395,9739,39713,6631,21300,8557,9329,3414,6075,3416,2325,334,5707,3596,2111,4683,1434,82,210,2957,296
2011,South Gloucestershire,E06000025,Total,107538,28554,12301,16253,72913,10518,41598,14903,19778,6917,10731,5912,4298,521,10066,6875,3191,6071,1973,243,279,3576,297
2011,Swindon,E06000030,Total,88360,26143,9039,17104,56127,6303,31237,11703,14948,4586,10291,5620,4223,448,8296,5816,2480,6090,2052,38,173,3827,298
2011,Torbay,E06000027,Total,59010,20192,9679,10513,35024,6402,17116,7666,6777,2673,5373,2914,2225,234,6133,4190,1943,3794,1226,17,298,2253,299
2011,Wiltshire,E06000054,Total,194194,51845,24608,27237,132246,19564,76861,31012,35133,10716,18370,10301,7311,758,17451,12022,5429,10103,3276,36,580,6211,300
2011,East Devon,E07000040,Total,59071,18269,10828,7441,37715,8954,19801,9109,7909,2783,4615,2554,1834,227,4345,2649,1696,3087,963,8,293,1823,301
2011,Exeter,E07000041,Total,49242,16555,6468,10087,27435,3647,13900,5555,6193,2152,5265,3177,1868,220,4623,3147,1476,5252,943,1432,140,2737,302
2011,Mid Devon,E07000042,Total,32758,8995,4474,4521,21915,3636,12347,5160,5273,1914,3335,1788,1385,162,2597,1717,880,1848,657,6,125,1060,303
2011,North Devon,E07000043,Total,40001,11846,5920,5926,25775,4657,13709,5984,5593,2132,3858,1995,1669,194,3551,2319,1232,2380,846,4,172,1358,304
2011,South Hams,E07000044,Total,36858,11242,5973,5269,23781,4477,13349,6160,5286,1903,3147,1850,1163,134,2808,1822,986,1835,561,6,127,1141,305
2011,Teignbridge,E07000045,Total,54003,16222,8381,7841,34855,6432,18789,8354,7591,2844,5125,2745,2093,287,4509,2933,1576,2926,950,9,241,1726,306
2011,Torridge,E07000046,Total,27986,8402,4127,4275,18003,3348,9903,4643,3685,1575,2567,1389,1073,105,2185,1446,739,1581,555,5,101,920,307
2011,West Devon,E07000047,Total,22725,6414,3308,3106,15056,2772,8564,3922,3360,1282,2071,1192,796,83,1649,1034,615,1255,443,1,95,716,308
2011,Christchurch,E07000048,Total,21475,6856,4364,2492,13385,3443,6701,2786,2773,1142,1666,880,698,88,1575,912,663,1234,442,3,108,681,309
2011,East Dorset,E07000049,Total,37564,9820,6253,3567,25877,6356,14288,6170,5743,2375,2622,1388,1070,164,2611,1529,1082,1867,610,0,160,1097,310
2011,North Dorset,E07000050,Total,28670,8095,4182,3913,19144,3573,10978,4879,4553,1546,2600,1467,999,134,1993,1275,718,1431,468,3,96,864,311
2011,Purbeck,E07000051,Total,19583,5699,3253,2446,12866,2571,7018,3101,2747,1170,1702,906,698,98,1575,928,647,1018,322,0,55,641,312
2011,West Dorset,E07000052,Total,44386,14161,7799,6362,28178,6160,15236,7088,5842,2306,3657,1952,1536,169,3125,1973,1152,2047,601,6,197,1243,313
2011,Weymouth and Portland,E07000053,Total,28535,9138,4198,4940,17606,2963,8960,4052,3430,1478,2877,1460,1286,131,2806,1909,897,1791,573,7,92,1119,314
2011,Cheltenham,E07000078,Total,50929,17735,6545,11190,28889,4067,15163,6102,7058,2003,5618,3605,1839,174,4041,2630,1411,4305,792,591,105,2817,315
2011,Cotswold,E07000079,Total,36236,10959,5608,5351,23539,4301,13702,5999,5816,1887,3172,1867,1177,128,2364,1431,933,1738,476,116,112,1034,316
2011,Forest of Dean,E07000080,Total,34167,9226,4700,4526,23115,3798,13143,5677,5265,2201,3435,1809,1465,161,2739,1613,1126,1826,702,18,131,975,317
2011,Gloucester,E07000081,Total,50363,14695,5685,9010,32073,3792,17221,6300,8182,2739,5940,3121,2517,302,5120,3545,1575,3595,1275,119,100,2101,318
2011,Stroud,E07000082,Total,47794,13472,6488,6984,31785,5047,18147,7374,8026,2747,4930,2722,1970,238,3661,2292,1369,2537,879,15,130,1513,319
2011,Tewkesbury,E07000083,Total,35126,9858,4773,5085,23540,3876,13431,5616,5860,1955,3563,1999,1402,162,2670,1619,1051,1728,626,7,92,1003,320
2011,Mendip,E07000187,Total,46157,13809,6354,7455,29894,4688,16434,6799,7062,2573,4651,2481,1955,215,4121,2798,1323,2454,792,7,146,1509,321
2011,Sedgemoor,E07000188,Total,48801,13844,6954,6890,32163,5260,17525,7552,7285,2688,5123,2629,2261,233,4255,2813,1442,2794,940,11,186,1657,322
2011,South Somerset,E07000189,Total,69501,20491,10263,10228,45531,8140,25255,11093,10386,3776,6722,3590,2837,295,5414,3619,1795,3479,1128,8,235,2108,323
2011,Taunton Deane,E07000190,Total,46907,14181,6888,7293,29898,4854,16268,6611,7328,2329,4585,2526,1844,215,4191,2829,1362,2828,821,41,162,1804,324
2011,West Somerset,E07000191,Total,15623,5212,3041,2171,9525,2281,4866,2522,1632,712,1309,713,527,69,1069,650,419,886,240,0,107,539,325
2011,Isle of Anglesey,W06000001,Total,30594,9888,4802,5086,18952,3253,9907,4119,3910,1878,2783,1249,1387,147,3009,1826,1183,1754,640,47,122,945,326
2011,Gwynedd,W06000002,Total,52473,18548,8701,9847,30410,4951,15439,6240,6402,2797,5131,2302,2574,255,4889,3054,1835,3515,984,689,192,1650,327
2011,Conwy,W06000003,Total,51177,17297,8748,8549,31033,5952,15508,6648,6135,2725,4598,2236,2133,229,4975,3194,1781,2847,1051,4,253,1539,328
2011,Denbighshire,W06000004,Total,40546,12714,6147,6567,25711,4247,13130,5325,5420,2385,3942,1829,1915,198,4392,2836,1556,2121,849,14,151,1107,329
2011,Flintshire,W06000005,Total,63781,17477,8200,9277,42821,5826,23606,9018,10119,4469,6409,3117,2938,354,6980,4493,2487,3483,1367,7,165,1944,330
2011,Wrexham,W06000006,Total,57029,16817,7334,9483,36957,4675,19796,7548,8552,3696,6066,2779,3005,282,6420,4245,2175,3255,1228,171,129,1727,331
2011,Powys,W06000023,Total,58345,18359,9201,9158,36943,6441,19770,8593,7884,3293,5487,2822,2412,253,5245,3370,1875,3043,1044,4,276,1719,332
2011,Ceredigion,W06000008,Total,31562,10456,4878,5578,18144,3199,9582,4144,3790,1648,2860,1504,1233,123,2503,1529,974,2962,651,883,184,1244,333
2011,Pembrokeshire,W06000009,Total,53122,16392,7978,8414,33848,5777,17578,7513,7060,3005,4637,2189,2223,225,5856,4027,1829,2882,1079,8,227,1568,334
2011,Carmarthenshire,W06000010,Total,78829,23770,11652,12118,50374,7729,26819,10811,10842,5166,6904,3346,3221,337,8922,5970,2952,4685,1800,81,352,2452,335
2011,Swansea,W06000011,Total,103497,34485,13867,20618,61419,8966,31460,11627,13629,6204,8901,4510,3956,435,12092,8124,3968,7593,1976,1762,306,3549,336
2011,Neath Port Talbot,W06000012,Total,60393,18259,8396,9863,38829,5230,20496,7565,8271,4660,5708,2599,2763,346,7395,4624,2771,3305,1370,6,201,1728,337
2011,Bridgend,W06000013,Total,58515,16472,7659,8813,38645,5221,20703,7829,8664,4210,5771,2703,2729,339,6950,4509,2441,3398,1320,10,165,1903,338
2011,Vale of Glamorgan,W06000014,Total,53505,15851,7057,8794,34717,5005,18671,7053,8272,3346,5032,2392,2416,224,6009,4031,1978,2937,1134,6,154,1643,339
2011,Cardiff,W06000015,Total,142557,47141,15436,31705,79593,8550,40635,14046,19651,6938,14569,8714,5238,617,15839,10936,4903,15823,3651,3298,426,8448,340
2011,Rhondda Cynon Taff,W06000016,Total,99663,29875,13173,16702,64104,7890,33280,12311,13726,7243,9883,4088,5179,616,13051,8944,4107,5684,2108,740,315,2521,341
2011,Merthyr Tydfil,W06000024,Total,24264,6559,3026,3533,16015,1844,8031,2794,3172,2065,2554,1038,1326,190,3586,2384,1202,1690,771,3,96,820,342
2011,Caerphilly,W06000018,Total,74479,20196,9143,11053,50496,6161,26449,9737,11025,5687,8212,3435,4282,495,9674,6533,3141,3787,1707,9,195,1876,343
2011,Blaenau Gwent,W06000019,Total,30416,9608,4310,5298,19361,2400,9599,3458,3813,2328,3154,1266,1659,229,4208,2770,1438,1447,611,3,91,742,344
2011,Torfaen,W06000020,Total,38524,11163,5249,5914,25343,3409,13182,4951,5554,2677,4021,1714,2087,220,4731,3066,1665,2018,925,0,101,992,345
2011,Monmouthshire,W06000021,Total,38233,10592,5515,5077,25711,4312,14722,5813,6415,2494,3409,1823,1424,162,3268,2061,1207,1930,741,1,145,1043,346
2011,Newport,W06000022,Total,61172,18849,7862,10987,38038,4890,19437,6792,9034,3611,5765,2744,2684,337,7946,5615,2331,4285,1602,321,206,2156,347
